JPCLN001.jpg,JPCLN001_mask.jpg
JPCLN002.jpg,JPCLN002_mask.jpg
JPCLN003.jpg,JPCLN003_mask.jpg
JPCLN004.jpg,JPCLN004_mask.jpg
JPCLN005.jpg,JPCLN005_mask.jpg
JPCLN006.jpg,JPCLN006_mask.jpg
JPCLN007.jpg,JPCLN007_mask.jpg
JPCLN008.jpg,JPCLN008_mask.jpg
JPCLN009.jpg,JPCLN009_mask.jpg
JPCLN010.jpg,JPCLN010_mask.jpg
JPCLN011.jpg,JPCLN011_mask.jpg
JPCLN012.jpg,JPCLN012_mask.jpg
JPCLN013.jpg,JPCLN013_mask.jpg
JPCLN014.jpg,JPCLN014_mask.jpg
JPCLN015.jpg,JPCLN015_mask.jpg
JPCLN016.jpg,JPCLN016_mask.jpg
JPCLN017.jpg,JPCLN017_mask.jpg
JPCLN018.jpg,JPCLN018_mask.jpg
JPCLN019.jpg,JPCLN019_mask.jpg
JPCLN020.jpg,JPCLN020_mask.jpg
JPCLN021.jpg,JPCLN021_mask.jpg
JPCLN022.jpg,JPCLN022_mask.jpg
JPCLN023.jpg,JPCLN023_mask.jpg
JPCLN024.jpg,JPCLN024_mask.jpg
JPCLN025.jpg,JPCLN025_mask.jpg
JPCLN026.jpg,JPCLN026_mask.jpg
JPCLN027.jpg,JPCLN027_mask.jpg
JPCLN028.jpg,JPCLN028_mask.jpg
JPCLN029.jpg,JPCLN029_mask.jpg
JPCLN030.jpg,JPCLN030_mask.jpg
JPCLN031.jpg,JPCLN031_mask.jpg
JPCLN032.jpg,JPCLN032_mask.jpg
JPCLN033.jpg,JPCLN033_mask.jpg
JPCLN034.jpg,JPCLN034_mask.jpg
JPCLN035.jpg,JPCLN035_mask.jpg
JPCLN036.jpg,JPCLN036_mask.jpg
JPCLN037.jpg,JPCLN037_mask.jpg
JPCLN038.jpg,JPCLN038_mask.jpg
JPCLN039.jpg,JPCLN039_mask.jpg
JPCLN040.jpg,JPCLN040_mask.jpg
JPCLN041.jpg,JPCLN041_mask.jpg
JPCLN042.jpg,JPCLN042_mask.jpg
JPCLN043.jpg,JPCLN043_mask.jpg
JPCLN044.jpg,JPCLN044_mask.jpg
JPCLN045.jpg,JPCLN045_mask.jpg
JPCLN046.jpg,JPCLN046_mask.jpg
JPCLN047.jpg,JPCLN047_mask.jpg
JPCLN048.jpg,JPCLN048_mask.jpg
JPCLN049.jpg,JPCLN049_mask.jpg
JPCLN050.jpg,JPCLN050_mask.jpg
JPCLN051.jpg,JPCLN051_mask.jpg
JPCLN052.jpg,JPCLN052_mask.jpg
JPCLN053.jpg,JPCLN053_mask.jpg
JPCLN054.jpg,JPCLN054_mask.jpg
JPCLN055.jpg,JPCLN055_mask.jpg
JPCLN056.jpg,JPCLN056_mask.jpg
JPCLN057.jpg,JPCLN057_mask.jpg
JPCLN058.jpg,JPCLN058_mask.jpg
JPCLN059.jpg,JPCLN059_mask.jpg
JPCLN060.jpg,JPCLN060_mask.jpg
JPCLN061.jpg,JPCLN061_mask.jpg
JPCLN062.jpg,JPCLN062_mask.jpg
JPCLN063.jpg,JPCLN063_mask.jpg
JPCLN064.jpg,JPCLN064_mask.jpg
JPCLN065.jpg,JPCLN065_mask.jpg
JPCLN066.jpg,JPCLN066_mask.jpg
JPCLN067.jpg,JPCLN067_mask.jpg
JPCLN068.jpg,JPCLN068_mask.jpg
JPCLN069.jpg,JPCLN069_mask.jpg
JPCLN070.jpg,JPCLN070_mask.jpg
JPCLN071.jpg,JPCLN071_mask.jpg
JPCLN072.jpg,JPCLN072_mask.jpg
JPCLN073.jpg,JPCLN073_mask.jpg
JPCLN074.jpg,JPCLN074_mask.jpg
JPCLN075.jpg,JPCLN075_mask.jpg
JPCLN076.jpg,JPCLN076_mask.jpg
JPCLN077.jpg,JPCLN077_mask.jpg
JPCLN078.jpg,JPCLN078_mask.jpg
JPCLN079.jpg,JPCLN079_mask.jpg
JPCLN080.jpg,JPCLN080_mask.jpg
JPCLN081.jpg,JPCLN081_mask.jpg
JPCLN082.jpg,JPCLN082_mask.jpg
JPCLN083.jpg,JPCLN083_mask.jpg
JPCLN084.jpg,JPCLN084_mask.jpg
JPCLN085.jpg,JPCLN085_mask.jpg
JPCLN086.jpg,JPCLN086_mask.jpg
JPCLN087.jpg,JPCLN087_mask.jpg
JPCLN088.jpg,JPCLN088_mask.jpg
JPCLN089.jpg,JPCLN089_mask.jpg
JPCLN090.jpg,JPCLN090_mask.jpg
JPCLN091.jpg,JPCLN091_mask.jpg
JPCLN092.jpg,JPCLN092_mask.jpg
JPCLN093.jpg,JPCLN093_mask.jpg
JPCLN094.jpg,JPCLN094_mask.jpg
JPCLN095.jpg,JPCLN095_mask.jpg
JPCLN096.jpg,JPCLN096_mask.jpg
JPCLN097.jpg,JPCLN097_mask.jpg
JPCLN098.jpg,JPCLN098_mask.jpg
JPCLN099.jpg,JPCLN099_mask.jpg
JPCLN100.jpg,JPCLN100_mask.jpg
JPCLN101.jpg,JPCLN101_mask.jpg
JPCLN102.jpg,JPCLN102_mask.jpg
JPCLN103.jpg,JPCLN103_mask.jpg
JPCLN104.jpg,JPCLN104_mask.jpg
JPCLN105.jpg,JPCLN105_mask.jpg
JPCLN106.jpg,JPCLN106_mask.jpg
JPCLN107.jpg,JPCLN107_mask.jpg
JPCLN108.jpg,JPCLN108_mask.jpg
JPCLN109.jpg,JPCLN109_mask.jpg
JPCLN110.jpg,JPCLN110_mask.jpg
JPCLN111.jpg,JPCLN111_mask.jpg
JPCLN112.jpg,JPCLN112_mask.jpg
JPCLN113.jpg,JPCLN113_mask.jpg
JPCLN114.jpg,JPCLN114_mask.jpg
JPCLN115.jpg,JPCLN115_mask.jpg
JPCLN116.jpg,JPCLN116_mask.jpg
JPCLN117.jpg,JPCLN117_mask.jpg
JPCLN118.jpg,JPCLN118_mask.jpg
JPCLN119.jpg,JPCLN119_mask.jpg
JPCLN120.jpg,JPCLN120_mask.jpg
JPCNN001.jpg,JPCNN001_mask.jpg
JPCNN002.jpg,JPCNN002_mask.jpg
JPCNN003.jpg,JPCNN003_mask.jpg
JPCNN004.jpg,JPCNN004_mask.jpg
JPCNN005.jpg,JPCNN005_mask.jpg
JPCNN006.jpg,JPCNN006_mask.jpg
JPCNN007.jpg,JPCNN007_mask.jpg
JPCNN008.jpg,JPCNN008_mask.jpg
JPCNN009.jpg,JPCNN009_mask.jpg
JPCNN010.jpg,JPCNN010_mask.jpg
JPCNN011.jpg,JPCNN011_mask.jpg
JPCNN012.jpg,JPCNN012_mask.jpg
JPCNN013.jpg,JPCNN013_mask.jpg
JPCNN014.jpg,JPCNN014_mask.jpg
JPCNN015.jpg,JPCNN015_mask.jpg
JPCNN016.jpg,JPCNN016_mask.jpg
JPCNN017.jpg,JPCNN017_mask.jpg
JPCNN018.jpg,JPCNN018_mask.jpg
JPCNN019.jpg,JPCNN019_mask.jpg
JPCNN020.jpg,JPCNN020_mask.jpg
JPCNN021.jpg,JPCNN021_mask.jpg
JPCNN022.jpg,JPCNN022_mask.jpg
JPCNN023.jpg,JPCNN023_mask.jpg
JPCNN024.jpg,JPCNN024_mask.jpg
JPCNN025.jpg,JPCNN025_mask.jpg
JPCNN026.jpg,JPCNN026_mask.jpg
JPCNN027.jpg,JPCNN027_mask.jpg
JPCNN028.jpg,JPCNN028_mask.jpg
JPCNN029.jpg,JPCNN029_mask.jpg
JPCNN030.jpg,JPCNN030_mask.jpg
JPCNN031.jpg,JPCNN031_mask.jpg
JPCNN032.jpg,JPCNN032_mask.jpg
JPCNN033.jpg,JPCNN033_mask.jpg
JPCNN034.jpg,JPCNN034_mask.jpg
JPCNN035.jpg,JPCNN035_mask.jpg
JPCNN036.jpg,JPCNN036_mask.jpg
JPCNN037.jpg,JPCNN037_mask.jpg
JPCNN038.jpg,JPCNN038_mask.jpg
JPCNN039.jpg,JPCNN039_mask.jpg
JPCNN040.jpg,JPCNN040_mask.jpg
JPCNN041.jpg,JPCNN041_mask.jpg
JPCNN042.jpg,JPCNN042_mask.jpg
JPCNN043.jpg,JPCNN043_mask.jpg
JPCNN044.jpg,JPCNN044_mask.jpg
JPCNN045.jpg,JPCNN045_mask.jpg
JPCNN046.jpg,JPCNN046_mask.jpg
JPCNN047.jpg,JPCNN047_mask.jpg
JPCNN048.jpg,JPCNN048_mask.jpg
JPCNN049.jpg,JPCNN049_mask.jpg
JPCNN050.jpg,JPCNN050_mask.jpg
JPCNN051.jpg,JPCNN051_mask.jpg
JPCNN052.jpg,JPCNN052_mask.jpg
JPCNN053.jpg,JPCNN053_mask.jpg
JPCNN054.jpg,JPCNN054_mask.jpg
JPCNN055.jpg,JPCNN055_mask.jpg
JPCNN056.jpg,JPCNN056_mask.jpg
JPCNN057.jpg,JPCNN057_mask.jpg
JPCNN058.jpg,JPCNN058_mask.jpg
JPCNN059.jpg,JPCNN059_mask.jpg
JPCNN060.jpg,JPCNN060_mask.jpg
JPCNN061.jpg,JPCNN061_mask.jpg
JPCNN062.jpg,JPCNN062_mask.jpg
JPCNN063.jpg,JPCNN063_mask.jpg
JPCNN064.jpg,JPCNN064_mask.jpg
JPCNN065.jpg,JPCNN065_mask.jpg
JPCNN066.jpg,JPCNN066_mask.jpg
JPCNN067.jpg,JPCNN067_mask.jpg
JPCNN068.jpg,JPCNN068_mask.jpg
JPCNN069.jpg,JPCNN069_mask.jpg
JPCNN070.jpg,JPCNN070_mask.jpg
JPCNN071.jpg,JPCNN071_mask.jpg
JPCNN072.jpg,JPCNN072_mask.jpg
JPCNN073.jpg,JPCNN073_mask.jpg
JPCNN074.jpg,JPCNN074_mask.jpg
JPCNN075.jpg,JPCNN075_mask.jpg
JPCNN076.jpg,JPCNN076_mask.jpg
JPCNN077.jpg,JPCNN077_mask.jpg
JPCNN078.jpg,JPCNN078_mask.jpg
JPCNN079.jpg,JPCNN079_mask.jpg
JPCNN080.jpg,JPCNN080_mask.jpg
